title,url,press_release
"
								U.S. eviction bans are ending. That could worsen the spread of coronavirus",/article/health-coronavirus-evictions-insight/u-s-eviction-bans-are-ending-that-could-worsen-the-spread-of-coronavirus-idINKCN24O1DU,6:17pm IST
"
								Stimulus bets buoy futures ahead of jobless claims",/article/us-usa-stocks/stimulus-bets-buoy-futures-ahead-of-jobless-claims-idINKCN24O1BV,5:17pm IST
"
								ICRA ratings for Indian debt instruments-Jul 23",/article/icra-ratings/icra-ratings-for-indian-debt-instruments-jul-23-idINL3N2EU2KR,4:50pm IST
"
								U.S. eviction bans are ending. That could worsen the spread of coronavirus",/article/uk-health-coronavirus-evictions-insight/u-s-eviction-bans-are-ending-that-could-worsen-the-spread-of-coronavirus-idINKCN24O1DJ,4:34pm IST
"
								INSIGHT-U.S. eviction bans are ending. That could worsen the spread of coronavirus",/article/health-coronavirus-evictions/insight-u-s-eviction-bans-are-ending-that-could-worsen-the-spread-of-coronavirus-idINL2N2ET25W,4:30pm IST
"
								UPDATE 1-PulteGroup profit beats as low mortgage rates, preference for suburbs boost sales",/article/pultegroup-results/update-1-pultegroup-profit-beats-as-low-mortgage-rates-preference-for-suburbs-boost-sales-idINL3N2EU2DG,4:29pm IST
"
								US STOCKS-Stimulus bets buoy futures ahead of jobless claims",/article/usa-stocks/us-stocks-stimulus-bets-buoy-futures-ahead-of-jobless-claims-idINL3N2EU2AH,4:16pm IST
"
								Morning News Call - India, July 23",/article/india-morningcall/morning-news-call-india-july-23-idINL3N2EU0I2,8:51am IST
"
								U.S. home sales rack up record gain; tight supply, COVID-19 seen slowing momentum",/article/us-usa-economy-housing/u-s-home-sales-rack-up-record-gain-tight-supply-covid-19-seen-slowing-momentum-idINKCN24N22B,7:00am IST
"
								Breakingviews - Corona Capital: Thanksgiving shopping, Airlines",/article/us-health-coronavirus-finance-breakingvi/breakingviews-corona-capital-thanksgiving-shopping-airlines-idINKCN24N2XV,2:56am IST
title,url,press_release
"
								U.S. eviction bans are ending. That could worsen the spread of coronavirus",/article/health-coronavirus-evictions-insight/u-s-eviction-bans-are-ending-that-could-worsen-the-spread-of-coronavirus-idINKCN24O1DU,6:17pm IST
"
								ICRA ratings for Indian debt instruments-Jul 23",/article/icra-ratings/icra-ratings-for-indian-debt-instruments-jul-23-idINL3N2EU2KR,4:50pm IST
"
								U.S. eviction bans are ending. That could worsen the spread of coronavirus",/article/uk-health-coronavirus-evictions-insight/u-s-eviction-bans-are-ending-that-could-worsen-the-spread-of-coronavirus-idINKCN24O1DJ,4:34pm IST
"
								INSIGHT-U.S. eviction bans are ending. That could worsen the spread of coronavirus",/article/health-coronavirus-evictions/insight-u-s-eviction-bans-are-ending-that-could-worsen-the-spread-of-coronavirus-idINL2N2ET25W,4:30pm IST
"
								UPDATE 1-PulteGroup profit beats as low mortgage rates, preference for suburbs boost sales",/article/pultegroup-results/update-1-pultegroup-profit-beats-as-low-mortgage-rates-preference-for-suburbs-boost-sales-idINL3N2EU2DG,4:29pm IST
"
								US STOCKS-Stimulus bets buoy futures ahead of jobless claims",/article/usa-stocks/us-stocks-stimulus-bets-buoy-futures-ahead-of-jobless-claims-idINL3N2EU2AH,4:16pm IST
"
								Morning News Call - India, July 23",/article/india-morningcall/morning-news-call-india-july-23-idINL3N2EU0I2,8:51am IST
"
								U.S. home sales rack up record gain; tight supply, COVID-19 seen slowing momentum",/article/us-usa-economy-housing/u-s-home-sales-rack-up-record-gain-tight-supply-covid-19-seen-slowing-momentum-idINKCN24N22B,7:00am IST
"
								Breakingviews - Corona Capital: Thanksgiving shopping, Airlines",/article/us-health-coronavirus-finance-breakingvi/breakingviews-corona-capital-thanksgiving-shopping-airlines-idINKCN24N2XV,2:56am IST
"
								U.S. mortgage refis surge as rates fall to historically low levels",/article/us-usa-mortgages/u-s-mortgage-refis-surge-as-rates-fall-to-historically-low-levels-idINKCN24N2WT,2:32am IST
title,url,press_release
"
								U.S. eviction bans are ending. That could worsen the spread of coronavirus",/article/health-coronavirus-evictions-insight/u-s-eviction-bans-are-ending-that-could-worsen-the-spread-of-coronavirus-idINKCN24O1DU,6:17pm IST
"
								ICRA ratings for Indian debt instruments-Jul 23",/article/icra-ratings/icra-ratings-for-indian-debt-instruments-jul-23-idINL3N2EU2KR,4:50pm IST
"
								U.S. eviction bans are ending. That could worsen the spread of coronavirus",/article/uk-health-coronavirus-evictions-insight/u-s-eviction-bans-are-ending-that-could-worsen-the-spread-of-coronavirus-idINKCN24O1DJ,4:34pm IST
"
								INSIGHT-U.S. eviction bans are ending. That could worsen the spread of coronavirus",/article/health-coronavirus-evictions/insight-u-s-eviction-bans-are-ending-that-could-worsen-the-spread-of-coronavirus-idINL2N2ET25W,4:30pm IST
"
								UPDATE 1-PulteGroup profit beats as low mortgage rates, preference for suburbs boost sales",/article/pultegroup-results/update-1-pultegroup-profit-beats-as-low-mortgage-rates-preference-for-suburbs-boost-sales-idINL3N2EU2DG,4:29pm IST
"
								US STOCKS-Stimulus bets buoy futures ahead of jobless claims",/article/usa-stocks/us-stocks-stimulus-bets-buoy-futures-ahead-of-jobless-claims-idINL3N2EU2AH,4:16pm IST
"
								Morning News Call - India, July 23",/article/india-morningcall/morning-news-call-india-july-23-idINL3N2EU0I2,8:51am IST
"
								U.S. home sales rack up record gain; tight supply, COVID-19 seen slowing momentum",/article/us-usa-economy-housing/u-s-home-sales-rack-up-record-gain-tight-supply-covid-19-seen-slowing-momentum-idINKCN24N22B,7:00am IST
"
								Breakingviews - Corona Capital: Thanksgiving shopping, Airlines",/article/us-health-coronavirus-finance-breakingvi/breakingviews-corona-capital-thanksgiving-shopping-airlines-idINKCN24N2XV,2:56am IST
"
								U.S. mortgage refis surge as rates fall to historically low levels",/article/us-usa-mortgages/u-s-mortgage-refis-surge-as-rates-fall-to-historically-low-levels-idINKCN24N2WT,2:32am IST
